n,np,time_serial_s,time_mpi_max_s,speedup
1,1,1e-06,2e-06,0.5
1,2,0.0,4e-06,0.0
1,3,1e-06,4e-06,0.25
1,4,0.0,4e-06,0.0
1,5,0.0,5e-06,0.0
1,6,0.0,6e-06,0.0
1,7,1e-06,9e-06,0.111
1,8,0.0,1e-05,0.0
1,9,0.0,1.1e-05,0.0
1,10,0.0,1.2e-05,0.0
2,1,0.0,2e-06,0.0
2,2,0.0,7e-06,0.0
2,3,1e-06,5e-06,0.2
2,4,1e-06,5e-06,0.2
2,5,0.0,5e-06,0.0
2,6,0.0,8e-06,0.0
2,7,0.0,1.3e-05,0.0
2,8,0.0,1e-05,0.0
2,9,0.0,1.1e-05,0.0
2,10,0.0,1.4e-05,0.0
3,1,0.0,3e-06,0.0
3,2,1e-06,5e-06,0.2
3,3,0.0,5e-06,0.0
3,4,0.0,6e-06,0.0
3,5,0.0,8e-06,0.0
3,6,0.0,1.1e-05,0.0
3,7,0.0,7e-06,0.0
3,8,0.0,1.7e-05,0.0
3,9,0.0,1.3e-05,0.0
3,10,1e-06,1.7e-05,0.059
4,1,0.0,4e-06,0.0
4,2,0.0,5e-06,0.0
4,3,0.0,5e-06,0.0
4,4,0.0,5e-06,0.0
4,5,0.0,9e-06,0.0
4,6,0.0,2e-05,0.0
4,7,1e-06,1e-05,0.1
4,8,0.0,8e-06,0.0
4,9,1e-06,2.4e-05,0.042
4,10,0.0,1.2e-05,0.0
5,1,1e-06,2e-06,0.5
5,2,0.0,5e-06,0.0
5,3,0.0,5e-06,0.0
5,4,0.0,4e-06,0.0
5,5,0.0,6e-06,0.0
5,6,0.0,9e-06,0.0
5,7,0.0,1.1e-05,0.0
5,8,0.0,1.1e-05,0.0
5,9,1e-06,1.2e-05,0.083
5,10,0.0,2.2e-05,0.0
6,1,0.0,2e-06,0.0
6,2,0.0,7e-06,0.0
6,3,0.0,4e-06,0.0
6,4,0.0,5e-06,0.0
6,5,0.0,1e-05,0.0
6,6,0.0,1e-05,0.0
6,7,0.0,1.1e-05,0.0
6,8,0.0,1.2e-05,0.0
6,9,0.0,1.1e-05,0.0
6,10,0.0,2.1e-05,0.0
7,1,0.0,2e-06,0.0
7,2,0.0,4e-06,0.0
7,3,0.0,4e-06,0.0
7,4,1e-06,5e-06,0.2
7,5,0.0,1.2e-05,0.0
7,6,1e-06,1e-05,0.1
7,7,0.0,1.1e-05,0.0
7,8,0.0,2.9e-05,0.0
7,9,0.0,1.1e-05,0.0
7,10,0.0,1.7e-05,0.0
8,1,0.0,2e-06,0.0
8,2,0.0,5e-06,0.0
8,3,0.0,5e-06,0.0
8,4,0.0,5e-06,0.0
8,5,0.0,5e-06,0.0
8,6,0.0,1e-05,0.0
8,7,0.0,8e-06,0.0
8,8,1e-06,2.6e-05,0.038
8,9,0.0,1.4e-05,0.0
8,10,0.0,1.8e-05,0.0
9,1,0.0,2e-06,0.0
9,2,0.0,5e-06,0.0
9,3,0.0,5e-06,0.0
9,4,0.0,1.7e-05,0.0
9,5,0.0,5e-06,0.0
9,6,0.0,1.1e-05,0.0
9,7,0.0,1e-05,0.0
9,8,0.0,1e-05,0.0
9,9,0.0,1e-05,0.0
9,10,1e-06,1.2e-05,0.083
10,1,1e-06,2e-06,0.5
10,2,0.0,7e-06,0.0
10,3,0.0,5e-06,0.0
10,4,0.0,4e-06,0.0
10,5,0.0,1.1e-05,0.0
10,6,1e-06,2.6e-05,0.038
10,7,0.0,1.3e-05,0.0
10,8,0.0,1.2e-05,0.0
10,9,0.0,1.1e-05,0.0
10,10,0.0,1.2e-05,0.0
11,1,0.0,3e-06,0.0
11,2,0.0,5e-06,0.0
11,3,0.0,4e-06,0.0
11,4,0.0,6e-06,0.0
11,5,0.0,6e-06,0.0
11,6,1e-06,9e-06,0.111
11,7,1e-06,9e-06,0.111
11,8,0.0,4.5e-05,0.0
11,9,0.0,1.2e-05,0.0
11,10,1e-06,1.5e-05,0.067
12,1,0.0,2e-06,0.0
12,2,0.0,5e-06,0.0
12,3,0.0,5e-06,0.0
12,4,1e-06,3.1e-05,0.032
12,5,0.0,9e-06,0.0
12,6,0.0,1e-05,0.0
12,7,1e-06,1.1e-05,0.091
12,8,0.0,1e-05,0.0
12,9,0.0,1.7e-05,0.0
12,10,0.0,1.5e-05,0.0
13,1,0.0,2e-06,0.0
13,2,1e-06,1.3e-05,0.077
13,3,0.0,4e-06,0.0
13,4,0.0,5e-06,0.0
13,5,1e-06,6e-06,0.167
13,6,0.0,1e-05,0.0
13,7,0.0,1.1e-05,0.0
13,8,0.0,1.1e-05,0.0
13,9,0.0,1.4e-05,0.0
13,10,0.0,1e-05,0.0
14,1,0.0,3e-06,0.0
14,2,0.0,6e-06,0.0
14,3,0.0,5e-06,0.0
14,4,1e-06,4e-06,0.25
14,5,0.0,7e-06,0.0
14,6,0.0,1e-05,0.0
14,7,0.0,9e-06,0.0
14,8,0.0,8.5e-05,0.0
14,9,0.0,1.5e-05,0.0
14,10,1e-06,1.3e-05,0.077
15,1,0.0,3e-06,0.0
15,2,0.0,6e-06,0.0
15,3,0.0,4e-06,0.0
15,4,0.0,5e-06,0.0
15,5,0.0,7e-06,0.0
15,6,0.0,1.4e-05,0.0
15,7,1e-06,1.5e-05,0.067
15,8,0.0,2.6e-05,0.0
15,9,0.0,1.1e-05,0.0
15,10,0.0,1.1e-05,0.0
16,1,0.0,2e-06,0.0
16,2,0.0,6e-06,0.0
16,3,0.0,4e-06,0.0
16,4,1e-06,1.6e-05,0.063
16,5,1e-06,1.1e-05,0.091
16,6,0.0,1e-05,0.0
16,7,0.0,9e-06,0.0
16,8,0.0,1.4e-05,0.0
16,9,0.0,1.4e-05,0.0
16,10,0.0,1.3e-05,0.0
17,1,0.0,2e-06,0.0
17,2,1e-06,5e-06,0.2
17,3,0.0,6e-06,0.0
17,4,0.0,8e-06,0.0
17,5,0.0,9e-06,0.0
17,6,0.0,1.3e-05,0.0
17,7,0.0,9e-06,0.0
17,8,0.0,9e-06,0.0
17,9,0.0,1.3e-05,0.0
17,10,0.0,1.1e-05,0.0
18,1,0.0,2e-06,0.0
18,2,1e-06,5e-06,0.2
18,3,0.0,4e-06,0.0
18,4,0.0,1.1e-05,0.0
18,5,0.0,9e-06,0.0
18,6,0.0,9e-06,0.0
18,7,0.0,1e-05,0.0
18,8,0.0,1.4e-05,0.0
18,9,1e-06,1.4e-05,0.071
18,10,0.0,1.4e-05,0.0
19,1,0.0,2e-06,0.0
19,2,0.0,7e-06,0.0
19,3,0.0,7e-06,0.0
19,4,1e-06,6e-06,0.167
19,5,0.0,8e-06,0.0
19,6,0.0,1e-05,0.0
19,7,0.0,1.1e-05,0.0
19,8,0.0,1.1e-05,0.0
19,9,1e-06,1e-05,0.1
19,10,0.0,2.7e-05,0.0
20,1,0.0,2e-06,0.0
20,2,0.0,5e-06,0.0
20,3,0.0,4e-06,0.0
20,4,0.0,1.3e-05,0.0
20,5,1e-06,8e-06,0.125
20,6,1e-06,1e-05,0.1
20,7,0.0,1.2e-05,0.0
20,8,0.0,1.1e-05,0.0
20,9,1e-06,1.4e-05,0.071
20,10,0.0,1.3e-05,0.0
21,1,0.0,3e-06,0.0
21,2,0.0,9e-06,0.0
21,3,0.0,5e-06,0.0
21,4,1e-06,5e-06,0.2
21,5,0.0,1.4e-05,0.0
21,6,0.0,4.7e-05,0.0
21,7,0.0,1e-05,0.0
21,8,0.0,1e-05,0.0
21,9,0.0,1.2e-05,0.0
21,10,0.0,1.2e-05,0.0
22,1,1e-06,2e-06,0.5
22,2,0.0,5e-06,0.0
22,3,0.0,5e-06,0.0
22,4,0.0,5e-06,0.0
22,5,1e-06,6e-06,0.167
22,6,0.0,1.6e-05,0.0
22,7,0.0,1.2e-05,0.0
22,8,0.0,1e-05,0.0
22,9,0.0,1.4e-05,0.0
22,10,0.0,1.3e-05,0.0
23,1,0.0,2e-06,0.0
23,2,0.0,7e-06,0.0
23,3,0.0,5e-06,0.0
23,4,0.0,1.5e-05,0.0
23,5,0.0,9e-06,0.0
23,6,0.0,9e-06,0.0
23,7,0.0,9e-06,0.0
23,8,0.0,1.1e-05,0.0
23,9,0.0,1.7e-05,0.0
23,10,0.0,1.1e-05,0.0
24,1,0.0,3e-06,0.0
24,2,0.0,6e-06,0.0
24,3,0.0,6e-06,0.0
24,4,1e-06,9e-06,0.111
24,5,0.0,1e-05,0.0
24,6,0.0,1.6e-05,0.0
24,7,0.0,1.1e-05,0.0
24,8,1e-06,1.9e-05,0.053
24,9,0.0,1.8e-05,0.0
24,10,0.0,1.3e-05,0.0
25,1,0.0,3e-06,0.0
25,2,1e-06,5e-06,0.2
25,3,0.0,5e-06,0.0
25,4,1e-06,5e-06,0.2
25,5,0.0,2e-05,0.0
25,6,0.0,1e-05,0.0
25,7,0.0,8e-06,0.0
25,8,0.0,1.6e-05,0.0
25,9,0.0,1.1e-05,0.0
25,10,0.0,1.4e-05,0.0
26,1,0.0,3e-06,0.0
26,2,0.0,5e-06,0.0
26,3,0.0,5e-06,0.0
26,4,0.0,4e-06,0.0
26,5,1e-06,9e-06,0.111
26,6,0.0,1e-05,0.0
26,7,0.0,1.2e-05,0.0
26,8,0.0,1.4e-05,0.0
26,9,1e-06,1.1e-05,0.091
26,10,0.0,1.3e-05,0.0
27,1,0.0,4e-06,0.0
27,2,0.0,5e-06,0.0
27,3,0.0,5e-06,0.0
27,4,1e-06,4e-06,0.25
27,5,0.0,6e-06,0.0
27,6,0.0,1e-05,0.0
27,7,0.0,1.1e-05,0.0
27,8,0.0,1e-05,0.0
27,9,0.0,1.1e-05,0.0
27,10,0.0,1.5e-05,0.0
28,1,1e-06,2e-06,0.5
28,2,0.0,5e-06,0.0
28,3,1e-06,4e-06,0.25
28,4,0.0,5e-06,0.0
28,5,0.0,6e-06,0.0
28,6,0.0,1.2e-05,0.0
28,7,1e-06,8e-06,0.125
28,8,0.0,1.1e-05,0.0
28,9,0.0,1.3e-05,0.0
28,10,0.0,1.1e-05,0.0
29,1,0.0,3e-06,0.0
29,2,0.0,5e-06,0.0
29,3,0.0,4e-06,0.0
29,4,0.0,5e-06,0.0
29,5,0.0,6e-06,0.0
29,6,0.0,1.8e-05,0.0
29,7,1e-06,1e-05,0.1
29,8,0.0,1e-05,0.0
29,9,0.0,1.3e-05,0.0
29,10,0.0,1.3e-05,0.0
30,1,0.0,2e-06,0.0
30,2,0.0,8e-06,0.0
30,3,0.0,5e-06,0.0
30,4,0.0,8e-06,0.0
30,5,1e-06,5.6e-05,0.018
30,6,0.0,1e-05,0.0
30,7,0.0,1.2e-05,0.0
30,8,0.0,1e-05,0.0
30,9,0.0,1.4e-05,0.0
30,10,0.0,2.1e-05,0.0
31,1,0.0,3e-06,0.0
31,2,0.0,4e-06,0.0
31,3,1e-06,6e-06,0.167
31,4,0.0,7e-06,0.0
31,5,0.0,1e-05,0.0
31,6,0.0,4.7e-05,0.0
31,7,1e-06,1.2e-05,0.083
31,8,0.0,9e-06,0.0
31,9,0.0,1.4e-05,0.0
31,10,0.0,1.4e-05,0.0
32,1,0.0,7e-06,0.0
32,2,0.0,6e-06,0.0
32,3,1e-06,5e-06,0.2
32,4,1e-06,8e-06,0.125
32,5,0.0,5e-06,0.0
32,6,0.0,1.1e-05,0.0
32,7,0.0,1.1e-05,0.0
32,8,0.0,1e-05,0.0
32,9,0.0,1.3e-05,0.0
32,10,0.0,1.2e-05,0.0
33,1,0.0,3e-06,0.0
33,2,0.0,5e-06,0.0
33,3,0.0,5e-06,0.0
33,4,0.0,5e-06,0.0
33,5,0.0,6e-06,0.0
33,6,0.0,1.1e-05,0.0
33,7,0.0,9e-06,0.0
33,8,0.0,1.1e-05,0.0
33,9,0.0,1.5e-05,0.0
33,10,0.0,1.4e-05,0.0
34,1,0.0,4e-06,0.0
34,2,0.0,5e-06,0.0
34,3,0.0,6e-06,0.0
34,4,0.0,5e-06,0.0
34,5,0.0,9e-06,0.0
34,6,0.0,1.3e-05,0.0
34,7,1e-06,1.4e-05,0.071
34,8,0.0,2e-05,0.0
34,9,0.0,1.5e-05,0.0
34,10,0.0,1.2e-05,0.0
35,1,1e-06,2e-06,0.5
35,2,0.0,5e-06,0.0
35,3,0.0,5e-06,0.0
35,4,0.0,6e-06,0.0
35,5,0.0,1e-05,0.0
35,6,0.0,1.1e-05,0.0
35,7,1e-06,1.1e-05,0.091
35,8,0.0,1e-05,0.0
35,9,0.0,1.6e-05,0.0
35,10,0.0,1.2e-05,0.0
36,1,0.0,2e-06,0.0
36,2,0.0,5e-06,0.0
36,3,0.0,4e-06,0.0
36,4,0.0,5e-06,0.0
36,5,0.0,1e-05,0.0
36,6,0.0,9e-06,0.0
36,7,0.0,1.2e-05,0.0
36,8,0.0,1.1e-05,0.0
36,9,0.0,1.3e-05,0.0
36,10,0.0,1.3e-05,0.0
37,1,0.0,3e-06,0.0
37,2,0.0,5e-06,0.0
37,3,0.0,7e-06,0.0
37,4,0.0,5e-06,0.0
37,5,0.0,6e-06,0.0
37,6,0.0,1.4e-05,0.0
37,7,0.0,1.3e-05,0.0
37,8,1e-06,1.8e-05,0.056
37,9,0.0,1.3e-05,0.0
37,10,0.0,1.8e-05,0.0
38,1,0.0,2e-06,0.0
38,2,1e-06,5e-06,0.2
38,3,0.0,5e-06,0.0
38,4,1e-06,2e-05,0.05
38,5,0.0,6e-06,0.0
38,6,0.0,9e-06,0.0
38,7,0.0,1.1e-05,0.0
38,8,0.0,1.3e-05,0.0
38,9,0.0,1.3e-05,0.0
38,10,0.0,1.8e-05,0.0
39,1,1e-06,2e-06,0.5
39,2,0.0,5e-06,0.0
39,3,1e-06,8e-06,0.125
39,4,0.0,4e-06,0.0
39,5,0.0,1.1e-05,0.0
39,6,0.0,9e-06,0.0
39,7,0.0,1.2e-05,0.0
39,8,0.0,1.2e-05,0.0
39,9,0.0,1.5e-05,0.0
39,10,1e-06,1.2e-05,0.083
40,1,0.0,4e-06,0.0
40,2,0.0,6e-06,0.0
40,3,1e-06,4e-06,0.25
40,4,0.0,5e-06,0.0
40,5,0.0,8e-06,0.0
40,6,0.0,9e-06,0.0
40,7,0.0,1e-05,0.0
40,8,0.0,1.3e-05,0.0
40,9,0.0,1.1e-05,0.0
40,10,0.0,1.1e-05,0.0
41,1,0.0,2e-06,0.0
41,2,0.0,5e-06,0.0
41,3,0.0,3e-06,0.0
41,4,0.0,5e-06,0.0
41,5,0.0,9e-06,0.0
41,6,0.0,1e-05,0.0
41,7,1e-06,1e-05,0.1
41,8,0.0,1.4e-05,0.0
41,9,0.0,1.2e-05,0.0
41,10,0.0,1.1e-05,0.0
42,1,0.0,2e-06,0.0
42,2,0.0,5e-06,0.0
42,3,0.0,5e-06,0.0
42,4,1e-06,4e-06,0.25
42,5,0.0,9e-06,0.0
42,6,0.0,1.1e-05,0.0
42,7,0.0,9e-06,0.0
42,8,0.0,1e-05,0.0
42,9,0.0,1.3e-05,0.0
42,10,0.0,1.3e-05,0.0
43,1,0.0,2e-06,0.0
43,2,2e-06,6e-06,0.333
43,3,0.0,5e-06,0.0
43,4,1e-06,1.6e-05,0.062
43,5,0.0,1e-05,0.0
43,6,0.0,1.7e-05,0.0
43,7,0.0,1.5e-05,0.0
43,8,1e-06,9e-06,0.111
43,9,0.0,1.2e-05,0.0
43,10,0.0,1.2e-05,0.0
44,1,0.0,2e-06,0.0
44,2,0.0,5e-06,0.0
44,3,0.0,4e-06,0.0
44,4,1e-06,1.3e-05,0.077
44,5,0.0,7e-06,0.0
44,6,0.0,1.1e-05,0.0
44,7,0.0,1.1e-05,0.0
44,8,0.0,1.2e-05,0.0
44,9,0.0,1.1e-05,0.0
44,10,1e-06,1.7e-05,0.059
45,1,0.0,2e-06,0.0
45,2,0.0,4e-06,0.0
45,3,0.0,5e-06,0.0
45,4,0.0,6e-06,0.0
45,5,0.0,9e-06,0.0
45,6,0.0,1.7e-05,0.0
45,7,0.0,1.1e-05,0.0
45,8,0.0,1.5e-05,0.0
45,9,1e-06,1.4e-05,0.071
45,10,0.0,3.1e-05,0.0
46,1,0.0,3e-06,0.0
46,2,0.0,8e-06,0.0
46,3,1e-06,5e-06,0.2
46,4,0.0,5e-06,0.0
46,5,0.0,1e-05,0.0
46,6,0.0,2.1e-05,0.0
46,7,0.0,1e-05,0.0
46,8,1e-06,1.7e-05,0.059
46,9,0.0,1.3e-05,0.0
46,10,0.0,1.3e-05,0.0
47,1,0.0,2e-06,0.0
47,2,0.0,5e-06,0.0
47,3,0.0,5e-06,0.0
47,4,0.0,9e-06,0.0
47,5,0.0,9e-06,0.0
47,6,0.0,1e-05,0.0
47,7,0.0,1.1e-05,0.0
47,8,0.0,2.4e-05,0.0
47,9,1e-06,1.6e-05,0.063
47,10,0.0,1.7e-05,0.0
48,1,0.0,3e-06,0.0
48,2,1e-06,7e-06,0.143
48,3,0.0,4e-06,0.0
48,4,0.0,1.2e-05,0.0
48,5,0.0,5e-06,0.0
48,6,0.0,1.2e-05,0.0
48,7,0.0,8e-06,0.0
48,8,0.0,1e-05,0.0
48,9,0.0,1e-05,0.0
48,10,1e-06,1.9e-05,0.053
49,1,0.0,3e-06,0.0
49,2,0.0,4e-06,0.0
49,3,1e-06,1e-05,0.1
49,4,0.0,5e-06,0.0
49,5,0.0,6e-06,0.0
49,6,0.0,1.1e-05,0.0
49,7,1e-06,9e-06,0.111
49,8,0.0,1.2e-05,0.0
49,9,0.0,1.2e-05,0.0
49,10,0.0,1.5e-05,0.0
50,1,0.0,3e-06,0.0
50,2,0.0,5e-06,0.0
50,3,1e-06,5e-06,0.2
50,4,0.0,5e-06,0.0
50,5,0.0,6e-06,0.0
50,6,1e-06,9e-06,0.111
50,7,0.0,1e-05,0.0
50,8,1e-06,1e-05,0.1
50,9,0.0,1.4e-05,0.0
50,10,0.0,1.4e-05,0.0
51,1,0.0,3e-06,0.0
51,2,0.0,7e-06,0.0
51,3,0.0,4e-06,0.0
51,4,0.0,4e-06,0.0
51,5,0.0,9e-06,0.0
51,6,0.0,1.1e-05,0.0
51,7,1e-06,1.1e-05,0.091
51,8,0.0,1e-05,0.0
51,9,1e-06,1.3e-05,0.077
51,10,0.0,1.5e-05,0.0
52,1,1e-06,2e-06,0.5
52,2,0.0,5e-06,0.0
52,3,0.0,5e-06,0.0
52,4,1e-06,5e-06,0.2
52,5,0.0,6e-06,0.0
52,6,0.0,1.2e-05,0.0
52,7,0.0,1e-05,0.0
52,8,0.0,1.5e-05,0.0
52,9,0.0,1.4e-05,0.0
52,10,0.0,1.3e-05,0.0
53,1,0.0,2e-06,0.0
53,2,0.0,7e-06,0.0
53,3,0.0,5e-06,0.0
53,4,1e-06,6e-06,0.167
53,5,0.0,5e-06,0.0
53,6,0.0,1.1e-05,0.0
53,7,0.0,1.1e-05,0.0
53,8,0.0,1.5e-05,0.0
53,9,0.0,1.4e-05,0.0
53,10,0.0,1.3e-05,0.0
54,1,0.0,2e-06,0.0
54,2,1e-06,7e-06,0.143
54,3,0.0,5e-06,0.0
54,4,0.0,6e-06,0.0
54,5,0.0,9e-06,0.0
54,6,0.0,1.2e-05,0.0
54,7,1e-06,9e-06,0.111
54,8,0.0,1.3e-05,0.0
54,9,1e-06,1.2e-05,0.083
54,10,0.0,1.2e-05,0.0
55,1,0.0,3e-06,0.0
55,2,0.0,5e-06,0.0
55,3,0.0,5e-06,0.0
55,4,0.0,5e-06,0.0
55,5,0.0,5e-06,0.0
55,6,1e-06,1.1e-05,0.091
55,7,0.0,1.1e-05,0.0
55,8,1e-06,1.3e-05,0.077
55,9,0.0,1.2e-05,0.0
55,10,0.0,1e-05,0.0
56,1,0.0,2e-06,0.0
56,2,1e-06,5e-06,0.2
56,3,0.0,5e-06,0.0
56,4,1e-06,6e-06,0.167
56,5,0.0,6e-06,0.0
56,6,1e-06,1.1e-05,0.091
56,7,0.0,1e-05,0.0
56,8,1e-06,1.1e-05,0.091
56,9,0.0,1.3e-05,0.0
56,10,0.0,1.2e-05,0.0
57,1,0.0,3e-06,0.0
57,2,0.0,5e-06,0.0
57,3,0.0,1e-05,0.0
57,4,0.0,5e-06,0.0
57,5,0.0,1e-05,0.0
57,6,0.0,1.2e-05,0.0
57,7,0.0,8e-06,0.0
57,8,0.0,1.7e-05,0.0
57,9,1e-06,1e-05,0.1
57,10,0.0,1.5e-05,0.0
58,1,1e-06,3e-06,0.333
58,2,0.0,6e-06,0.0
58,3,0.0,5e-06,0.0
58,4,0.0,1.5e-05,0.0
58,5,0.0,6e-06,0.0
58,6,0.0,1e-05,0.0
58,7,0.0,1.3e-05,0.0
58,8,1e-06,1.2e-05,0.083
58,9,0.0,1.1e-05,0.0
58,10,0.0,1.4e-05,0.0
59,1,0.0,3e-06,0.0
59,2,0.0,8e-06,0.0
59,3,0.0,5e-06,0.0
59,4,0.0,5e-06,0.0
59,5,0.0,7e-06,0.0
59,6,0.0,1e-05,0.0
59,7,1e-06,1.3e-05,0.077
59,8,0.0,1.9e-05,0.0
59,9,1e-06,1.3e-05,0.077
59,10,0.0,1.5e-05,0.0
60,1,0.0,5e-06,0.0
60,2,0.0,5e-06,0.0
60,3,1e-06,5e-06,0.2
60,4,0.0,1.5e-05,0.0
60,5,0.0,6e-06,0.0
60,6,1e-06,1.2e-05,0.083
60,7,0.0,1e-05,0.0
60,8,0.0,1.6e-05,0.0
60,9,0.0,1e-05,0.0
60,10,0.0,1.3e-05,0.0
61,1,0.0,2e-06,0.0
61,2,0.0,7e-06,0.0
61,3,0.0,5e-06,0.0
61,4,0.0,5e-06,0.0
61,5,0.0,1.9e-05,0.0
61,6,0.0,1.1e-05,0.0
61,7,0.0,1.1e-05,0.0
61,8,0.0,1e-05,0.0
61,9,0.0,1.6e-05,0.0
61,10,0.0,1.3e-05,0.0
62,1,1e-06,3e-06,0.333
62,2,0.0,1e-05,0.0
62,3,0.0,5e-06,0.0
62,4,0.0,1.4e-05,0.0
62,5,0.0,9e-06,0.0
62,6,0.0,1.2e-05,0.0
62,7,1e-06,1.2e-05,0.083
62,8,1e-06,1e-05,0.1
62,9,1e-06,1e-05,0.1
62,10,1e-06,1.3e-05,0.077
63,1,1e-06,2e-06,0.5
63,2,0.0,7e-06,0.0
63,3,0.0,4e-06,0.0
63,4,0.0,5e-06,0.0
63,5,1e-06,2.9e-05,0.034
63,6,0.0,1.4e-05,0.0
63,7,0.0,1.2e-05,0.0
63,8,0.0,1e-05,0.0
63,9,0.0,1.1e-05,0.0
63,10,0.0,1.7e-05,0.0
64,1,1e-06,2e-06,0.5
64,2,0.0,5e-06,0.0
64,3,0.0,4e-06,0.0
64,4,0.0,8e-06,0.0
64,5,0.0,9e-06,0.0
64,6,0.0,1e-05,0.0
64,7,0.0,1.2e-05,0.0
64,8,0.0,1.1e-05,0.0
64,9,1e-06,1.3e-05,0.077
64,10,0.0,1.3e-05,0.0
65,1,0.0,2e-06,0.0
65,2,1e-06,9e-06,0.111
65,3,0.0,4e-06,0.0
65,4,0.0,9e-06,0.0
65,5,0.0,1.5e-05,0.0
65,6,0.0,1.1e-05,0.0
65,7,0.0,1e-05,0.0
65,8,0.0,1.8e-05,0.0
65,9,0.0,1.2e-05,0.0
65,10,0.0,1.5e-05,0.0
66,1,0.0,4e-06,0.0
66,2,0.0,3e-06,0.0
66,3,0.0,4e-06,0.0
66,4,0.0,6e-06,0.0
66,5,0.0,5e-06,0.0
66,6,1e-06,1.1e-05,0.091
66,7,0.0,8e-06,0.0
66,8,0.0,1.1e-05,0.0
66,9,0.0,1.3e-05,0.0
66,10,0.0,1.4e-05,0.0
67,1,0.0,4e-06,0.0
67,2,0.0,3e-06,0.0
67,3,0.0,6e-06,0.0
67,4,0.0,6e-06,0.0
67,5,0.0,3.5e-05,0.0
67,6,0.0,1.1e-05,0.0
67,7,0.0,1.3e-05,0.0
67,8,0.0,1.2e-05,0.0
67,9,0.0,1.3e-05,0.0
67,10,0.0,1.2e-05,0.0
68,1,0.0,2e-06,0.0
68,2,0.0,3e-06,0.0
68,3,0.0,5e-06,0.0
68,4,0.0,1e-05,0.0
68,5,0.0,9e-06,0.0
68,6,0.0,1e-05,0.0
68,7,0.0,1.3e-05,0.0
68,8,0.0,1.6e-05,0.0
68,9,0.0,1.2e-05,0.0
68,10,0.0,1.2e-05,0.0
69,1,0.0,3e-06,0.0
69,2,0.0,4e-06,0.0
69,3,1e-06,4e-06,0.25
69,4,0.0,5e-06,0.0
69,5,0.0,5e-06,0.0
69,6,0.0,1.1e-05,0.0
69,7,0.0,1e-05,0.0
69,8,1e-06,9e-06,0.111
69,9,0.0,1.1e-05,0.0
69,10,0.0,1.4e-05,0.0
70,1,0.0,2e-06,0.0
70,2,1e-06,4e-06,0.25
70,3,0.0,4e-06,0.0
70,4,0.0,1.6e-05,0.0
70,5,0.0,9e-06,0.0
70,6,0.0,1.6e-05,0.0
70,7,0.0,1.3e-05,0.0
70,8,0.0,1.3e-05,0.0
70,9,0.0,1.2e-05,0.0
70,10,0.0,1.4e-05,0.0
71,1,0.0,3e-06,0.0
71,2,0.0,4e-06,0.0
71,3,0.0,4e-06,0.0
71,4,0.0,4e-06,0.0
71,5,0.0,7e-06,0.0
71,6,0.0,1e-05,0.0
71,7,1e-06,9e-06,0.111
71,8,0.0,1.1e-05,0.0
71,9,0.0,1e-05,0.0
71,10,0.0,1.3e-05,0.0
72,1,0.0,2e-06,0.0
72,2,0.0,4e-06,0.0
72,3,0.0,4e-06,0.0
72,4,0.0,7e-06,0.0
72,5,0.0,1.4e-05,0.0
72,6,0.0,1e-05,0.0
72,7,0.0,8e-06,0.0
72,8,0.0,1.1e-05,0.0
72,9,0.0,1.1e-05,0.0
72,10,0.0,1.3e-05,0.0
73,1,0.0,3e-06,0.0
73,2,0.0,5e-06,0.0
73,3,0.0,5e-06,0.0
73,4,0.0,4e-06,0.0
73,5,0.0,6e-06,0.0
73,6,0.0,1.1e-05,0.0
73,7,0.0,1e-05,0.0
73,8,0.0,1.1e-05,0.0
73,9,0.0,1.2e-05,0.0
73,10,0.0,1.3e-05,0.0
74,1,0.0,6e-06,0.0
74,2,0.0,4e-06,0.0
74,3,0.0,5e-06,0.0
74,4,0.0,5e-06,0.0
74,5,0.0,6e-06,0.0
74,6,0.0,1e-05,0.0
74,7,0.0,1.2e-05,0.0
74,8,0.0,9e-06,0.0
74,9,0.0,1.6e-05,0.0
74,10,0.0,1.3e-05,0.0
75,1,1e-06,2e-06,0.5
75,2,0.0,3e-06,0.0
75,3,1e-06,4e-06,0.25
75,4,0.0,5e-06,0.0
75,5,0.0,5e-06,0.0
75,6,0.0,1.1e-05,0.0
75,7,1e-06,1.1e-05,0.091
75,8,0.0,1.5e-05,0.0
75,9,0.0,1.2e-05,0.0
75,10,0.0,1.7e-05,0.0
76,1,0.0,3e-06,0.0
76,2,0.0,3e-06,0.0
76,3,1e-06,5e-06,0.2
76,4,0.0,1.8e-05,0.0
76,5,0.0,5e-06,0.0
76,6,1e-06,1e-05,0.1
76,7,1e-06,1.1e-05,0.091
76,8,0.0,1.6e-05,0.0
76,9,0.0,1.5e-05,0.0
76,10,0.0,1.4e-05,0.0
77,1,1e-06,4e-06,0.25
77,2,1e-06,1.4e-05,0.071
77,3,1e-06,4e-06,0.25
77,4,0.0,4e-06,0.0
77,5,1e-06,6e-06,0.167
77,6,0.0,9e-06,0.0
77,7,0.0,9e-06,0.0
77,8,0.0,1e-05,0.0
77,9,0.0,1.7e-05,0.0
77,10,0.0,1.6e-05,0.0
78,1,0.0,3e-06,0.0
78,2,0.0,3e-06,0.0
78,3,1e-06,5e-06,0.2
78,4,1e-06,5e-06,0.2
78,5,1e-06,9e-06,0.111
78,6,0.0,1.1e-05,0.0
78,7,0.0,1.2e-05,0.0
78,8,0.0,2e-05,0.0
78,9,0.0,1.1e-05,0.0
78,10,0.0,1.6e-05,0.0
79,1,0.0,3e-06,0.0
79,2,0.0,3e-06,0.0
79,3,1e-06,4e-06,0.25
79,4,0.0,6e-06,0.0
79,5,0.0,1.3e-05,0.0
79,6,0.0,1.1e-05,0.0
79,7,0.0,1.2e-05,0.0
79,8,0.0,1e-05,0.0
79,9,0.0,1.4e-05,0.0
79,10,0.0,2.3e-05,0.0
80,1,1e-06,3e-06,0.333
80,2,0.0,3e-06,0.0
80,3,0.0,5e-06,0.0
80,4,0.0,5e-06,0.0
80,5,1e-06,1.2e-05,0.083
80,6,0.0,1.3e-05,0.0
80,7,0.0,1.1e-05,0.0
80,8,0.0,1.4e-05,0.0
80,9,0.0,1.1e-05,0.0
80,10,0.0,2e-05,0.0
81,1,0.0,3e-06,0.0
81,2,0.0,3e-06,0.0
81,3,0.0,4e-06,0.0
81,4,0.0,6e-06,0.0
81,5,0.0,9e-06,0.0
81,6,0.0,1e-05,0.0
81,7,0.0,1e-05,0.0
81,8,0.0,8e-06,0.0
81,9,0.0,1.2e-05,0.0
81,10,0.0,1.7e-05,0.0
82,1,0.0,6e-06,0.0
82,2,0.0,4e-06,0.0
82,3,0.0,5e-06,0.0
82,4,1e-06,7.1e-05,0.014
82,5,1e-06,8e-06,0.125
82,6,0.0,1.1e-05,0.0
82,7,0.0,1.2e-05,0.0
82,8,1e-06,2.2e-05,0.045
82,9,0.0,1.1e-05,0.0
82,10,1e-06,1.3e-05,0.077
83,1,1e-06,4e-06,0.25
83,2,1e-06,4e-06,0.25
83,3,0.0,5e-06,0.0
83,4,0.0,5e-06,0.0
83,5,0.0,9e-06,0.0
83,6,0.0,1.3e-05,0.0
83,7,0.0,1.3e-05,0.0
83,8,0.0,1.2e-05,0.0
83,9,0.0,1e-05,0.0
83,10,0.0,1.3e-05,0.0
84,1,0.0,2e-06,0.0
84,2,0.0,4e-06,0.0
84,3,0.0,5e-06,0.0
84,4,0.0,5e-06,0.0
84,5,1e-06,1e-05,0.1
84,6,0.0,1.4e-05,0.0
84,7,0.0,9e-06,0.0
84,8,0.0,1e-05,0.0
84,9,0.0,1e-05,0.0
84,10,0.0,1.4e-05,0.0
85,1,1e-06,2e-06,0.5
85,2,0.0,3e-06,0.0
85,3,0.0,5e-06,0.0
85,4,0.0,8e-06,0.0
85,5,0.0,1.8e-05,0.0
85,6,0.0,2e-05,0.0
85,7,0.0,8e-06,0.0
85,8,0.0,8e-06,0.0
85,9,0.0,1.2e-05,0.0
85,10,0.0,1.4e-05,0.0
86,1,0.0,3e-06,0.0
86,2,0.0,3e-06,0.0
86,3,0.0,5e-06,0.0
86,4,0.0,6e-06,0.0
86,5,0.0,9e-06,0.0
86,6,1e-06,1.2e-05,0.083
86,7,1e-06,1.1e-05,0.091
86,8,0.0,1.3e-05,0.0
86,9,0.0,1.2e-05,0.0
86,10,0.0,1.9e-05,0.0
87,1,0.0,3e-06,0.0
87,2,0.0,4e-06,0.0
87,3,1e-06,4e-06,0.25
87,4,0.0,5e-06,0.0
87,5,1e-06,9e-06,0.111
87,6,0.0,1e-05,0.0
87,7,0.0,1.2e-05,0.0
87,8,1e-06,1.8e-05,0.056
87,9,0.0,1.2e-05,0.0
87,10,0.0,1.7e-05,0.0
88,1,1e-06,2e-06,0.5
88,2,0.0,3e-06,0.0
88,3,0.0,5e-06,0.0
88,4,0.0,8e-06,0.0
88,5,0.0,1.1e-05,0.0
88,6,0.0,1.9e-05,0.0
88,7,0.0,1.2e-05,0.0
88,8,0.0,1e-05,0.0
88,9,1e-06,1.2e-05,0.083
88,10,0.0,1.7e-05,0.0
89,1,0.0,7e-06,0.0
89,2,1e-06,7e-06,0.143
89,3,0.0,4e-06,0.0
89,4,1e-06,5e-06,0.2
89,5,0.0,1e-05,0.0
89,6,0.0,1.3e-05,0.0
89,7,0.0,8e-06,0.0
89,8,0.0,1e-05,0.0
89,9,0.0,1e-05,0.0
89,10,0.0,1.6e-05,0.0
90,1,0.0,3e-06,0.0
90,2,0.0,7e-06,0.0
90,3,0.0,5e-06,0.0
90,4,0.0,5e-06,0.0
90,5,0.0,1e-05,0.0
90,6,0.0,1.1e-05,0.0
90,7,1e-06,1.3e-05,0.077
90,8,0.0,9e-06,0.0
90,9,0.0,1.5e-05,0.0
90,10,0.0,1.4e-05,0.0
91,1,1e-06,3e-06,0.333
91,2,1e-06,4e-06,0.25
91,3,1e-06,6e-06,0.167
91,4,0.0,5e-06,0.0
91,5,0.0,1.1e-05,0.0
91,6,0.0,1.7e-05,0.0
91,7,0.0,1.1e-05,0.0
91,8,0.0,1.1e-05,0.0
91,9,1e-06,9e-06,0.111
91,10,0.0,1.5e-05,0.0
92,1,0.0,2e-06,0.0
92,2,0.0,4e-06,0.0
92,3,1e-06,4e-06,0.25
92,4,0.0,9e-06,0.0
92,5,0.0,9e-06,0.0
92,6,0.0,1e-05,0.0
92,7,0.0,1.1e-05,0.0
92,8,0.0,1.5e-05,0.0
92,9,0.0,1.3e-05,0.0
92,10,0.0,1.5e-05,0.0
93,1,0.0,2e-06,0.0
93,2,0.0,4e-06,0.0
93,3,0.0,5e-06,0.0
93,4,1e-06,6e-06,0.167
93,5,0.0,6e-06,0.0
93,6,0.0,1.3e-05,0.0
93,7,0.0,9e-06,0.0
93,8,0.0,9e-06,0.0
93,9,0.0,2.5e-05,0.0
93,10,0.0,1.4e-05,0.0
94,1,0.0,3e-06,0.0
94,2,1e-06,4e-06,0.25
94,3,0.0,4e-06,0.0
94,4,0.0,7e-06,0.0
94,5,0.0,6e-06,0.0
94,6,0.0,1.1e-05,0.0
94,7,0.0,1.1e-05,0.0
94,8,0.0,1e-05,0.0
94,9,0.0,1.2e-05,0.0
94,10,0.0,1.4e-05,0.0
95,1,3e-06,3e-06,1.0
95,2,0.0,4e-06,0.0
95,3,1e-06,4e-06,0.25
95,4,1e-06,7e-06,0.143
95,5,0.0,8e-06,0.0
95,6,0.0,1.1e-05,0.0
95,7,0.0,1e-05,0.0
95,8,0.0,1e-05,0.0
95,9,0.0,1e-05,0.0
95,10,1e-06,1.5e-05,0.067
96,1,0.0,3e-06,0.0
96,2,0.0,4e-06,0.0
96,3,2e-06,5e-06,0.4
96,4,0.0,1.6e-05,0.0
96,5,0.0,9e-06,0.0
96,6,0.0,1e-05,0.0
96,7,0.0,1.2e-05,0.0
96,8,1e-06,9e-06,0.111
96,9,0.0,1.3e-05,0.0
96,10,1e-06,1.2e-05,0.083
97,1,0.0,2e-06,0.0
97,2,0.0,7e-06,0.0
97,3,0.0,4e-06,0.0
97,4,0.0,7e-06,0.0
97,5,1e-06,1e-05,0.1
97,6,0.0,2.3e-05,0.0
97,7,0.0,1e-05,0.0
97,8,0.0,9e-06,0.0
97,9,0.0,1.4e-05,0.0
97,10,1e-06,1e-05,0.1
98,1,1e-06,3e-06,0.333
98,2,1e-06,3e-06,0.333
98,3,0.0,4e-06,0.0
98,4,1e-06,5e-06,0.2
98,5,1e-06,9e-06,0.111
98,6,0.0,3.1e-05,0.0
98,7,0.0,1.1e-05,0.0
98,8,1e-06,1.1e-05,0.091
98,9,0.0,1.6e-05,0.0
98,10,0.0,1.2e-05,0.0
99,1,0.0,3e-06,0.0
99,2,0.0,3e-06,0.0
99,3,0.0,6e-06,0.0
99,4,0.0,6e-06,0.0
99,5,0.0,3.2e-05,0.0
99,6,0.0,1e-05,0.0
99,7,0.0,1.3e-05,0.0
99,8,0.0,1e-05,0.0
99,9,0.0,1.4e-05,0.0
99,10,1e-06,1.5e-05,0.067
100,1,0.0,3e-06,0.0
100,2,0.0,3e-06,0.0
100,3,0.0,4e-06,0.0
100,4,1e-06,4e-06,0.25
100,5,0.0,9e-06,0.0
100,6,0.0,1.1e-05,0.0
100,7,1e-06,1e-05,0.1
100,8,0.0,1.7e-05,0.0
100,9,0.0,1.5e-05,0.0
100,10,0.0,1.2e-05,0.0
